Team,Winrate,Season
BOS,0.805,07_08
DET,0.72,07_08
LAL,0.695,07_08
SAS,0.683,07_08
NOH,0.683,07_08
HOU,0.671,07_08
PHO,0.671,07_08
UTA,0.659,07_08
ORL,0.634,07_08
DAL,0.622,07_08
DEN,0.61,07_08
GSW,0.585,07_08
CLE,0.549,07_08
WAS,0.524,07_08
POR,0.5,07_08
TOR,0.5,07_08
PHI,0.488,07_08
SAC,0.463,07_08
ATL,0.451,07_08
IND,0.439,07_08
NJN,0.415,07_08
CHI,0.402,07_08
CHA,0.39,07_08
MIL,0.317,07_08
NYK,0.28,07_08
LAC,0.28,07_08
MIN,0.268,07_08
MEM,0.268,07_08
SEA,0.244,07_08
MIA,0.183,07_08
