Player,Team,Season,PPG,RPG,APG,Winrate,MVP
LeBron James,CLE,07_08,30.0,7.9,7.2,0.549,1
Kobe Bryant,LAL,07_08,28.3,6.3,5.4,0.695,1
Allen Iverson,DEN,07_08,26.4,3.0,7.1,0.61,0
Carmelo Anthony,DEN,07_08,25.7,7.4,3.4,0.61,1
Amar'e Stoudemire,PHO,07_08,25.2,9.1,1.5,0.671,1
Dwyane Wade,MIA,07_08,24.6,4.2,6.9,0.183,0
Kevin Martin,SAC,07_08,23.7,4.5,2.1,0.463,0
Dirk Nowitzki,DAL,07_08,23.6,8.6,3.5,0.622,1
Michael Redd,MIL,07_08,22.7,4.3,3.4,0.317,0
Richard Jefferson,NJN,07_08,22.6,4.2,3.1,0.415,0
Chris Bosh,TOR,07_08,22.3,8.7,2.6,0.5,0
Corey Maggette,LAC,07_08,22.1,5.6,2.7,0.28,0
Yao Ming,HOU,07_08,22.0,10.8,2.3,0.671,0
Baron Davis,GSW,07_08,21.8,4.7,7.6,0.585,0
Jason Richardson,CHA,07_08,21.8,5.4,3.1,0.39,0
Joe Johnson,ATL,07_08,21.7,4.5,5.8,0.451,0
Tracy McGrady,HOU,07_08,21.6,5.1,5.9,0.671,1
Antawn Jamison,WAS,07_08,21.4,10.2,1.5,0.524,1
Vince Carter,NJN,07_08,21.3,6.0,5.1,0.415,0
Carlos Boozer,UTA,07_08,21.1,10.4,2.9,0.659,1
Chris Paul,NOH,07_08,21.1,4.0,11.6,0.683,1
Al Jefferson,MIN,07_08,21.0,11.1,1.4,0.268,0
Dwight Howard,ORL,07_08,20.7,14.2,1.3,0.634,1
David West,NOH,07_08,20.6,8.9,2.3,0.683,0
Jamal Crawford,NYK,07_08,20.6,2.6,5.0,0.28,0
Metta World Peace,SAC,07_08,20.5,5.8,3.5,0.463,0
Caron Butler,WAS,07_08,20.3,6.7,4.9,0.524,0
Kevin Durant,SEA,07_08,20.3,4.4,2.4,0.244,0
Monta Ellis,GSW,07_08,20.2,5.0,3.9,0.585,0
Rudy Gay,MEM,07_08,20.1,6.2,2.0,0.268,0
Stephen Jackson,GSW,07_08,20.1,4.4,4.1,0.585,0
Josh Howard,DAL,07_08,19.9,7.0,2.2,0.622,0
Andre Iguodala,PHI,07_08,19.9,5.4,4.8,0.488,0
Paul Pierce,BOS,07_08,19.6,5.1,4.5,0.805,1
Danny Granger,IND,07_08,19.6,6.1,2.1,0.439,0
Hedo Türkoğlu,ORL,07_08,19.5,5.7,5.0,0.634,0
Manu Ginóbili,SAS,07_08,19.5,4.8,4.5,0.683,1
Gilbert Arenas,WAS,07_08,19.4,3.9,5.1,0.524,0
Gerald Wallace,CHA,07_08,19.4,6.0,3.5,0.39,0
Tim Duncan,SAS,07_08,19.3,11.3,2.8,0.683,1
Brandon Roy,POR,07_08,19.1,4.7,5.8,0.5,0
Mike Dunleavy,IND,07_08,19.1,5.2,3.5,0.439,0
Pau Gasol,LALMEM,07_08,18.9,8.4,3.2,,0
Deron Williams,UTA,07_08,18.8,3.0,10.5,0.659,1
Kevin Garnett,BOS,07_08,18.8,9.2,3.4,0.805,1
Tony Parker,SAS,07_08,18.8,3.2,6.0,0.683,0
Ben Gordon,CHI,07_08,18.6,3.1,3.0,0.402,0
Rashard Lewis,ORL,07_08,18.2,5.4,2.4,0.634,0
LaMarcus Aldridge,POR,07_08,17.8,7.6,1.6,0.5,0
Zach Randolph,NYK,07_08,17.6,10.3,2.0,0.28,0
Elton Brand,LAC,07_08,17.6,8.0,2.0,0.28,0
Ray Allen,BOS,07_08,17.4,3.7,3.1,0.805,0
Richard Hamilton,DET,07_08,17.3,3.3,4.2,0.72,0
Mo Williams,MIL,07_08,17.2,3.5,6.3,0.317,0
Josh Smith,ATL,07_08,17.2,8.2,3.4,0.451,0
Andre Miller,PHI,07_08,17.0,4.0,6.9,0.488,0
Luol Deng,CHI,07_08,17.0,6.3,2.5,0.402,0
Chauncey Billups,DET,07_08,17.0,2.7,6.8,0.72,0
Steve Nash,PHO,07_08,16.9,3.5,11.1,0.671,1
Peja Stojaković,NOH,07_08,16.4,4.3,1.2,0.683,0
Mike Miller,MEM,07_08,16.4,6.7,3.4,0.268,0
Chris Kaman,LAC,07_08,15.7,12.7,1.9,0.28,0
Leandro Barbosa,PHO,07_08,15.6,2.8,2.6,0.671,0
Jason Terry,DAL,07_08,15.5,2.5,3.2,0.622,0
Shawn Marion,MIAPHO,07_08,15.4,10.2,2.2,,0
Rashad McCants,MIN,07_08,14.9,2.7,2.2,0.268,0
Marvin Williams,ATL,07_08,14.8,5.7,1.7,0.451,0
Devin Harris,DALNJN,07_08,14.8,2.7,5.8,,0
Mehmet Okur,UTA,07_08,14.5,7.7,2.0,0.659,0
Raymond Felton,CHA,07_08,14.4,3.0,7.4,0.39,0
Andrew Bogut,MIL,07_08,14.3,9.8,2.6,0.317,0
Lamar Odom,LAL,07_08,14.2,10.6,3.5,0.695,0
Zydrunas Ilgauskas,CLE,07_08,14.1,9.3,1.4,0.549,0
Mike Bibby,ATLSAC,07_08,13.9,3.3,6.0,,0
Stephon Marbury,NYK,07_08,13.9,2.5,4.7,0.28,0
Emeka Okafor,CHA,07_08,13.8,10.7,0.9,0.39,0
Ricky Davis,MIA,07_08,13.8,4.3,3.4,0.183,0
Shaquille O'Neal,MIAPHO,07_08,13.6,9.1,1.5,,0
Al Harrington,GSW,07_08,13.6,5.4,1.6,0.585,0
Jermaine O'Neal,IND,07_08,13.6,6.7,2.2,0.439,0
Brad Miller,SAC,07_08,13.4,9.5,3.7,0.463,0
Chris Wilcox,SEA,07_08,13.4,7.0,1.2,0.244,0
Travis Outlaw,POR,07_08,13.3,4.6,1.3,0.5,0
Eddy Curry,NYK,07_08,13.2,4.7,0.5,0.28,0
Andrés Nocioni,CHI,07_08,13.2,4.2,1.2,0.402,0
Tayshaun Prince,DET,07_08,13.2,4.9,3.3,0.72,0
Andrew Bynum,LAL,07_08,13.1,10.2,1.7,0.695,0
Grant Hill,PHO,07_08,13.1,5.0,2.9,0.671,0
Rafer Alston,HOU,07_08,13.1,3.5,5.3,0.671,0
Randy Foye,MIN,07_08,13.1,3.3,4.2,0.268,0
Beno Udrih,SAC,07_08,12.8,3.3,4.3,0.463,0
Cuttino Mobley,LAC,07_08,12.8,3.6,2.6,0.28,0
Al Thornton,LAC,07_08,12.7,4.5,1.2,0.28,0
Rasheed Wallace,DET,07_08,12.7,6.6,1.8,0.72,1
Nate Robinson,NYK,07_08,12.7,3.1,2.9,0.28,0
Ryan Gomes,MIN,07_08,12.6,5.8,1.8,0.268,0
John Salmons,SAC,07_08,12.5,4.3,2.6,0.463,0
Anthony Parker,TOR,07_08,12.5,4.1,2.2,0.5,0
Willie Green,PHI,07_08,12.4,2.5,2.0,0.488,0
Tim Thomas,LAC,07_08,12.4,5.1,2.7,0.28,0
Kenyon Martin,DEN,07_08,12.4,6.5,1.3,0.61,0
Francisco García,SAC,07_08,12.3,3.3,1.6,0.463,0
J.R. Smith,DEN,07_08,12.3,2.1,1.7,0.61,0
Troy Murphy,IND,07_08,12.2,7.2,2.2,0.439,0
Larry Hughes,CHICLE,07_08,12.2,3.4,2.7,,0
T.J. Ford,TOR,07_08,12.1,2.0,6.1,0.5,0
Ronnie Brewer,UTA,07_08,12.0,2.9,1.8,0.659,0
Udonis Haslem,MIA,07_08,12.0,9.0,1.4,0.183,0
Drew Gooden,CHICLE,07_08,12.0,8.6,1.2,,0
Jamaal Tinsley,IND,07_08,11.9,3.6,8.4,0.439,0
Raja Bell,PHO,07_08,11.9,3.7,2.2,0.671,0
Josh Childress,ATL,07_08,11.8,4.9,1.5,0.451,0
Tyson Chandler,NOH,07_08,11.8,11.7,1.0,0.683,0
Derek Fisher,LAL,07_08,11.7,2.1,2.9,0.695,0
Charlie Villanueva,MIL,07_08,11.7,6.1,1.0,0.317,0
Lou Williams,PHI,07_08,11.5,2.1,3.2,0.488,0
Kirk Hinrich,CHI,07_08,11.5,3.3,6.0,0.402,0
Wally Szczerbiak,CLESEA,07_08,11.5,2.9,1.4,,0
Hakim Warrick,MEM,07_08,11.4,4.7,0.7,0.268,0
José Calderón,TOR,07_08,11.2,2.9,8.3,0.5,0
Sam Cassell,BOSLAC,07_08,11.2,2.5,3.9,,0
DeShawn Stevenson,WAS,07_08,11.2,2.9,3.1,0.524,0
Linas Kleiza,DEN,07_08,11.1,4.2,1.2,0.61,0
Andrei Kirilenko,UTA,07_08,11.0,4.7,4.0,0.659,0
Jameer Nelson,ORL,07_08,10.9,3.5,5.6,0.634,0
Juan Carlos Navarro,MEM,07_08,10.9,2.6,2.2,0.268,0
David Lee,NYK,07_08,10.8,8.9,1.2,0.28,0
Jason Kidd,DALNJN,07_08,10.8,7.5,10.1,,0
Earl Watson,SEA,07_08,10.7,2.9,6.8,0.244,0
Jerry Stackhouse,DAL,07_08,10.7,2.3,2.5,0.622,0
Martell Webster,POR,07_08,10.7,3.9,1.2,0.5,0
Brendan Haywood,WAS,07_08,10.6,7.2,0.9,0.524,0
Rajon Rondo,BOS,07_08,10.6,4.2,5.1,0.805,0
Samuel Dalembert,PHI,07_08,10.5,10.4,0.5,0.488,0
Jeff Green,SEA,07_08,10.5,4.7,1.5,0.244,0
Andris Biedriņš,GSW,07_08,10.5,9.8,1.0,0.585,0
Daniel Gibson,CLE,07_08,10.4,2.3,2.5,0.549,0
Luis Scola,HOU,07_08,10.3,6.4,1.3,0.671,0
Andrea Bargnani,TOR,07_08,10.2,3.7,1.1,0.5,0
Al Horford,ATL,07_08,10.1,9.7,1.5,0.451,0
Joe Smith,CHICLE,07_08,10.1,5.2,0.9,,0
Michael Finley,SAS,07_08,10.1,3.1,1.4,0.683,0
Jarrett Jack,POR,07_08,9.9,2.9,3.8,0.5,0
Kyle Korver,PHIUTA,07_08,9.9,2.3,1.3,,0
Boštjan Nachbar,NJN,07_08,9.8,3.5,1.2,0.415,0
Nick Collison,SEA,07_08,9.8,9.4,1.4,0.244,0
Desmond Mason,MIL,07_08,9.7,4.3,2.1,0.317,0
Kyle Lowry,MEM,07_08,9.6,3.0,3.6,0.268,0
Craig Smith,MIN,07_08,9.4,4.6,0.8,0.268,0
Ronald Murray,DETIND,07_08,9.4,2.0,3.4,,0
Mike Conley,MEM,07_08,9.4,2.6,4.2,0.268,0
Shane Battier,HOU,07_08,9.3,5.1,1.9,0.671,0
Sebastian Telfair,MIN,07_08,9.3,2.2,5.9,0.268,0
Damien Wilkins,SEA,07_08,9.2,3.2,2.0,0.244,0
Jordan Farmar,LAL,07_08,9.1,2.2,2.7,0.695,0
Marcus Camby,DEN,07_08,9.1,13.1,3.3,0.61,0
Bonzi Wells,HOUNOH,07_08,9.1,4.5,1.3,,0
Roger Mason,WAS,07_08,9.1,1.6,1.7,0.524,0
Matt Carroll,CHA,07_08,9.0,2.8,0.9,0.39,0
Carlos Delfino,TOR,07_08,9.0,4.4,1.8,0.5,0
Maurice Evans,LALORL,07_08,8.9,2.9,1.1,,0
Boris Diaw,PHO,07_08,8.8,4.6,3.9,0.671,0
Daequan Cook,MIA,07_08,8.8,3.0,1.3,0.183,0
Sasha Vujačić,LAL,07_08,8.8,2.1,1.0,0.695,0
Jason Williams,MIA,07_08,8.8,1.9,4.6,0.183,0
Antonio McDyess,DET,07_08,8.8,8.5,1.1,0.72,0
Keith Bogans,ORL,07_08,8.7,3.2,1.3,0.634,0
Yi Jianlian,MIL,07_08,8.6,5.2,0.8,0.317,0
Kelenna Azubuike,GSW,07_08,8.5,4.0,0.9,0.585,0
Steve Blake,POR,07_08,8.5,2.4,5.1,0.5,0
Mikki Moore,SAC,07_08,8.5,6.0,1.0,0.463,0
Jamario Moon,TOR,07_08,8.5,6.2,1.2,0.5,0
Mark Blount,MIA,07_08,8.4,3.8,0.6,0.183,0
Antonio Daniels,WAS,07_08,8.4,2.9,4.8,0.524,0
Vladimir Radmanović,LAL,07_08,8.4,3.3,1.9,0.695,0
Delonte West,CLESEA,07_08,8.3,3.2,3.8,,0
Kareem Rush,IND,07_08,8.3,2.4,1.3,0.439,0
Marko Jarić,MIN,07_08,8.3,3.0,4.1,0.268,0
Brandon Bass,DAL,07_08,8.3,4.4,0.7,0.622,0
Thaddeus Young,PHI,07_08,8.2,4.2,0.8,0.488,0
Josh Boone,NJN,07_08,8.2,7.3,0.8,0.415,0
Marquis Daniels,IND,07_08,8.2,2.9,1.9,0.439,0
Matt Harpring,UTA,07_08,8.2,3.2,1.1,0.659,0
Carl Landry,HOU,07_08,8.1,4.9,0.5,0.671,0
Quentin Richardson,NYK,07_08,8.1,4.8,1.8,0.28,0
Keyon Dooling,ORL,07_08,8.1,1.4,1.8,0.634,0
Paul Millsap,UTA,07_08,8.1,5.6,1.0,0.659,0
Ramon Sessions,MIL,07_08,8.1,3.4,7.5,0.317,0
Jannero Pargo,NOH,07_08,8.1,1.6,2.4,0.683,0
Morris Peterson,NOH,07_08,8.0,2.7,0.9,0.683,0
Antoine Walker,MIN,07_08,8.0,3.7,1.0,0.268,0
James Jones,POR,07_08,8.0,2.8,0.6,0.5,0
Leon Powe,BOS,07_08,7.9,4.1,0.3,0.805,0
Jason Maxiell,DET,07_08,7.9,5.3,0.6,0.72,0
Dorell Wright,MIA,07_08,7.9,5.0,1.4,0.183,0
Nazr Mohammed,CHADET,07_08,7.8,6.0,0.9,,0
Anthony Carter,DEN,07_08,7.8,2.9,5.5,0.61,0
Rasho Nesterović,TOR,07_08,7.8,4.8,1.2,0.5,0
Chris Quinn,MIA,07_08,7.8,2.0,3.0,0.183,0
Bobby Jackson,HOUNOH,07_08,7.7,2.5,1.9,,0
